,coef,SE,t,p-value
Intercept,0.8208265518101012,0.029267403543709266,28.04575918681142,0.001268932004036905
Name[T.ABF2],-0.3907834689637867,0.04308213560934397,-9.070661503582256,0.011936892328225744
Name[T.ABF3],0.11687463429162903,0.04039238737751359,2.893481714742443,0.10156939390839394
Name[T.ABI3],0.17865858195759476,0.04075570948830892,4.383645486746938,0.04829990621160755
Name[T.ABI5],0.17711398326694558,0.0407448222961456,4.346907736635295,0.04906041134732696
Name[T.ABR1],0.17865858195844064,0.040755709488315965,4.383645486766936,0.0482999062111983
Name[T.AG],0.1683612573762428,0.040684861730447046,4.13817941650389,0.05373245829768164
Name[T.AGL1],0.17814371572824067,0.040752070244099305,4.371402843123902,0.04855141281836606
Name[T.AGL13],0.16887612358676826,0.04068830711033842,4.150482917089928,0.0534394089312351
Name[T.AGL15],1.9428498484030556,0.040184109407436754,48.348709901817514,0.0004275152870618131
Name[T.AGL16],0.15909366520937712,0.04062459667214365,3.916190639216066,0.0594486789513553
Name[T.AGL25],0.07928939947045163,0.040244752233842454,1.9701798388455702,0.18762264218862773
Name[T.AGL27],0.8620158502145414,0.040499776336913325,21.284459524998937,0.0022000860968119118
Name[T.AGL3],0.15600446781579838,0.04060524742450593,3.8419780129611314,0.06155771712664645
Name[T.AGL42],0.1786585819930042,0.04075570948825784,4.383645487621254,0.04829990619371417
Name[T.AGL55],0.14467741070695045,0.04053747344438052,3.5689794753847996,0.07032649440866219
Name[T.AGL6],0.17608425080111567,0.04073761508693358,4.322399591270966,0.04957752808528884
Name[T.AGL63],0.17196532096355496,0.04070919406842682,4.224237912312973,0.05173062237738633
Name[T.AHL12],0.17865858198060525,0.040755709488169686,4.383645487326509,0.048299906199746306
Name[T.AHL20],0.4722621136952896,0.04537830754717858,10.407221847229353,0.009106806307720929
Name[T.AHL25],2.40738896865677,0.04665347908978807,51.60148858402547,0.00037534528995219243
Name[T.AIB],0.5427987872881058,0.04412495367694963,12.301401861225242,0.006543524236715708
Name[T.AIL7],0.1786585819605181,0.040755709488316264,4.383645486817876,0.04829990621015576
Name[T.ANL2],0.13849901597916925,0.040502613951584984,3.4195080876687314,0.07591107102507495
Name[T.ANT],0.055090686635467775,0.04017946495745236,1.3711154863262989,0.3039177780484231
Name[T.AP1],2.2215222594321276,0.05087271790848835,43.66824401692633,0.0005239949319461126
Name[T.AP3],0.178658581960937,0.040755709488315646,4.383645486828222,0.04829990620994404
Name[T.ARALYDRAFT_484486],0.14776660811596556,0.04055546188804557,3.6435686153416085,0.0677595913341794
Name[T.ARALYDRAFT_493022],0.07877453323643702,0.04024311961448907,1.9574658722052738,0.18941674005763093
Name[T.ARALYDRAFT_495258],1.6730599435983244,0.04221471751017796,39.63214827139255,0.0006360485539384136
Name[T.ARALYDRAFT_496250],1.6735748098238867,0.04220828355751137,39.65038776200266,0.0006354640713835018
Name[T.ARALYDRAFT_897773],0.86047125149091,0.04050832028538367,21.24183983509649,0.002208894212297982
Name[T.AREB3],0.11430030314375668,0.04038049064175782,2.8305823264454775,0.10543662661703539
Name[T.ARF1],-0.5838583054337257,0.0464749413969699,-12.562862649931011,0.006276520500168702
Name[T.ARF2],2.977605446507606,0.09062938468290478,32.854746359866496,0.0009251257546945907
Name[T.ARF3],0.028832508878865428,0.04013516124016807,0.7183852758515712,0.5471071925307873
Name[T.ARF5],1.4732918461545725,0.045358985588109385,32.48070535644404,0.0009465251315859432
Name[T.ARF8],0.17814371572768428,0.0407520702440992,4.3714028431102605,0.04855141281864737
Name[T.ARR1],-0.08546779429667159,0.040265167679475265,-2.1226235782010137,0.16779252266832317
Name[T.ARR10],4.098599010690879,0.08629661918221514,47.49431726910061,0.00044302478391387514
Name[T.ARR11],1.575235359795843,0.043598379184007094,36.13059451470793,0.0007651579695431547
Name[T.ARR14],0.01853518426783849,0.040125348440373756,0.46193204516047415,0.6895083098917647
Name[T.ARR18],-0.002059464949600416,0.040118520729276526,-0.05133451862539687,0.9637249042345775
Name[T.ARR2],-0.24868038936798756,0.041344215992903506,-6.014877375124784,0.026544896836768587
Name[T.AT1G01250],0.1786585819598302,0.04075570948831585,4.383645486801043,0.048299906210500274
Name[T.AT1G12630],0.17350991965390467,0.04071977543756366,4.261072606354386,0.05090695677161764
Name[T.AT1G13300],0.5587596404190222,0.0438617954921028,12.739096385591997,0.00610563807814206
Name[T.AT1G14580],-0.18792617416808258,0.04082295339668692,-4.603443860172404,0.04409088614678821
Name[T.AT1G19210],0.17865858195982465,0.04075570948831585,4.383645486800907,0.04829990621050307
Name[T.AT1G22810],0.17659911703606365,0.04074121359783836,4.334655289832447,0.04931794447575278
Name[T.AT1G25550],0.178658581959829,0.04075570948831586,4.383645486801012,0.0482999062105009
Name[T.AT1G28160],0.17762884949793412,0.04074844117913399,4.3591569237473635,0.04880490770533096
Name[T.AT1G36060],0.17659911703606404,0.040741213597838354,4.334655289832457,0.049317944475752544
Name[T.AT1G44830],0.1786585819598216,0.04075570948831586,4.38364548680083,0.048299906210504624
Name[T.AT1G47655],0.17865858195982962,0.04075570948831586,4.383645486801027,0.04829990621050061
Name[T.AT1G49560],0.17865858195982354,0.04075570948831585,4.383645486800879,0.048299906210503625
Name[T.AT1G68670],0.17659911703606299,0.04074121359783835,4.3346552898324315,0.0493179444757531
Name[T.AT1G69570],0.17865858195982873,0.04075570948831585,4.383645486801007,0.04829990621050101
Name[T.AT1G71450],0.17299505342379734,0.040716238107482004,4.248797567376634,0.05117929917997418
Name[T.AT1G72740],0.17762884949792868,0.040748441179133996,4.359156923747229,0.04880490770533377
Name[T.AT1G75490],0.1678463911184158,0.040681426580519986,4.125872793231588,0.054027932818660654
Name[T.AT1G76870],0.17865858195982595,0.04075570948831584,4.38364548680094,0.0482999062105024
Name[T.AT1G76880],0.15960853142957104,0.040627857524904214,3.9285490585304337,0.059107695685203666
Name[T.AT1G77200],0.1750545183452717,0.04073044863808755,4.297878471723388,0.05010293203000991
Name[T.AT1G77640],0.1765991170360589,0.04074121359783836,4.33465528983233,0.049317944475755236
Name[T.AT1G78700],1.130261156290879,0.04045845779492691,27.936338108087813,0.001278872681765767
Name[T.AT2G01060],0.1786585819598316,0.04075570948831585,4.383645486801077,0.04829990621049957
Name[T.AT2G03500],0.14622200943766703,0.04054642115921619,3.606286455307309,0.06902536077355298
Name[T.AT2G20110],0.6885059305086579,0.042025701125320454,16.382973087243357,0.0037050638849075892
Name[T.AT2G28810],0.17093558850070867,0.04070219087516674,4.199665541959808,0.05229095304587158
Name[T.AT2G33710],0.17814371572768092,0.0407520702440992,4.371402843110178,0.04855141281864907
Name[T.AT2G40260],0.1786585819598283,0.04075570948831585,4.383645486800996,0.04829990621050121
Name[T.AT2G44940],0.17659911703605685,0.040741213597838354,4.3346552898322805,0.04931794447575628
Name[T.AT3G04030],0.17865858195982517,0.04075570948831585,4.383645486800919,0.04829990621050281
Name[T.AT3G10113],6.664307217674306,0.04232549236156923,157.4537434968004,4.033367023967708e-05
Name[T.AT3G10580],0.15137067174192245,0.04057691829457688,3.730462492075284,0.06493687220985654
Name[T.AT3G12730],0.1786585819598259,0.04075570948831585,4.383645486800937,0.04829990621050243
Name[T.AT3G16280],0.17402478588477407,0.04072332297113751,4.273344442154523,0.050636796488645434
Name[T.AT3G24120],1.774488591005321,0.04112911836552313,43.144338160499025,0.0005367877324245011
Name[T.AT3G25990],0.17865858195982848,0.04075570948831585,4.383645486801001,0.04829990621050113
Name[T.AT3G45610],0.17865858195982565,0.04075570948831587,4.383645486800929,0.04829990621050261
Name[T.AT3G46070],0.17608425080661885,0.04073761508693405,4.322399591406006,0.049577528082417624
Name[T.AT3G52440],0.17865858195981912,0.04075570948831583,4.383645486800773,0.048299906210505804
Name[T.AT3G57600],0.17762884949793994,0.04074844117913399,4.3591569237475065,0.04880490770532801
Name[T.AT3G60490],0.12408276152353545,0.04042708781038114,3.069297548849726,0.09177224235330404
Name[T.AT4G12670],0.17814371572767038,0.04075207024409921,4.371402843109919,0.04855141281865442
Name[T.AT4G16750],0.17814371572767485,0.0407520702440992,4.371402843110029,0.04855141281865215
Name[T.AT4G18450],0.17814371572768178,0.0407520702440992,4.371402843110199,0.04855141281864863
Name[T.AT4G18890],0.17814371572767804,0.04075207024409921,4.371402843110106,0.04855141281865055
Name[T.AT4G28140],0.17711398326778421,0.04074482229614565,4.346907736655872,0.049060411346896114
Name[T.AT4G31060],0.17711398326777994,0.04074482229614566,4.3469077366557665,0.049060411346898314
Name[T.AT4G32800],0.17711398326778466,0.04074482229614566,4.346907736655883,0.04906041134689588
Name[T.AT4G36780],1.7013775862723293,0.041874563687098736,40.63033585222792,0.0006052081648156568
Name[T.AT4G37180],0.17865858195982742,0.04075570948831585,4.383645486800974,0.04829990621050167
Name[T.AT5G02460],0.17762884949793606,0.04074844117913401,4.359156923747409,0.04880490770533003
Name[T.AT5G18450],0.17556938457476018,0.04073402676611685,4.310140649310942,0.04983918342623541
Name[T.AT5G29000],0.1415882133628373,0.04051985730365219,3.494292003591915,0.07304001963080986
Name[T.AT5G45580],-0.18792617416808283,0.040822953396686935,-4.603443860172408,0.04409088614678814
Name[T.AT5G47660],0.15960853142956413,0.040627857524904214,3.9285490585302636,0.05910769568520836
Name[T.AT5G56840],5.989832455702073,0.05707168362153751,104.95279051907366,9.077220464991132e-05
Name[T.AT5G61620],0.08134886439153252,0.040251388389442484,2.0210200851821916,0.18067276724368364
Name[T.AT5G66940],0.17814371572767956,0.0407520702440992,4.371402843110144,0.04855141281864976
Name[T.AT5G67000],0.17865858195982123,0.04075570948831584,4.383645486800823,0.04829990621050477
Name[T.ATHB-12],1.5113919472110886,0.04466514979435136,33.83828228876172,0.0008721976387155524
Name[T.ATHB-16],0.17814371572767562,0.0407520702440992,4.371402843110047,0.04855141281865176
Name[T.ATHB-5],0.055090686637269265,0.0401794649574507,1.3711154863711916,0.3039177780366751
Name[T.ATHB-51],0.9392457847693674,0.04019264591198214,23.368597997410305,0.0018261807708508844
Name[T.ATHB-6],1.9734865166667726,0.09077782640169052,21.739741904968337,0.0021091891348757035
Name[T.ATHB-9],0.6988032551192735,0.041904324059992434,16.67616101190011,0.0035766216940807645
Name[T.ATHB13],0.1760842508066133,0.04073761508693404,4.32239959140587,0.049577528082420504
Name[T.ATHB15],0.17762884949793367,0.040748441179134,4.359156923747351,0.04880490770533124
Name[T.ATHB18],0.17814371572767873,0.04075207024409919,4.3714028431101255,0.04855141281865014
Name[T.ATHB20],3.959329822884431,0.1672498140106101,23.673149332370897,0.0017796205027966786
Name[T.ATHB21],0.17865858195983014,0.04075570948831585,4.383645486801042,0.0482999062105003
Name[T.ATHB23],1.8702537098807335,0.04045578636750178,46.22957252372463,0.00046757960613356546
Name[T.ATHB24],2.8548077229653686,0.04054044567761959,70.41875527632321,0.0002016006671927494
Name[T.ATHB25],0.16063826389242547,0.04063441004667012,3.953256949170087,0.05843445143932978
Name[T.ATHB33],0.1719653209641739,0.04070919406842665,4.224237912328195,0.05173062237704194
Name[T.ATHB34],0.17814371572767898,0.0407520702440992,4.37140284311013,0.04855141281865005
Name[T.ATHB4],0.17350991965391183,0.04071977543756366,4.261072606354562,0.050906956771613755
Name[T.ATHB40],5.33852667409878,0.07788979790695466,68.53948549816576,0.00021280394434783616
Name[T.ATHB53],0.17865858195983567,0.04075570948831583,4.3836454868011785,0.0482999062104975
Name[T.ATHB7],0.8615009839628368,0.040502613951947264,21.270256408263695,0.0022030155672669955
Name[T.Adof1],0.13849901597913825,0.04050261395165131,3.419508087662366,0.07591107102532621
Name[T.At1g19000],0.16115313012069143,0.040637701710706506,3.9656064033324414,0.05810212655057691
Name[T.At1g49010],0.1729950534237973,0.04071623810748199,4.248797567376634,0.05117929917997418
Name[T.At1g72010],0.05972448271040409,0.04019015384462806,1.486047626025374,0.27560166270480124
Name[T.At1g74840],0.17608425080662132,0.04073761508693403,4.322399591406068,0.0495775280824163
Name[T.At2g38090],5.98983245570296,0.0570716836215375,104.9527905190892,9.077220464988443e-05
Name[T.At2g45680],0.1786585819598312,0.04075570948831586,4.383645486801066,0.04829990621049981
Name[T.At3g09600],0.17453965211609393,0.04072688070553736,4.285613066663437,0.05036879569241401
Name[T.At3g11280],0.16939098981012185,0.04069176271725161,4.162783288282253,0.053148758955083995
Name[T.At4g01280],2.9562363703775647,0.04015695946925997,73.61703698310512,0.0001844688962852099
Name[T.At5g05790],0.11944896544889821,0.04040454545328796,2.9563249408904793,0.0979036725937989
Name[T.At5g08330],0.17659911703606446,0.04074121359783835,4.334655289832468,0.04931794447575233
Name[T.At5g08520],-0.023683846635699085,0.04012972183237597,-0.5901821780531598,0.6148694991689694
Name[T.At5g47390],0.17659911703606812,0.04074121359783836,4.334655289832556,0.049317944475750476
Name[T.At5g52660],0.1240827615233287,0.04042708781038117,3.069297548844609,0.09177224235356922
Name[T.At5g58900],0.11327057068470592,0.04037580517453753,2.805407104454192,0.10704305874898914
Name[T.BEE2],17.07208978252117,0.32108468930283474,53.170052485496846,0.000353537482788525
Name[T.BHLH104],0.055090686637244785,0.040179464957450686,1.3711154863705828,0.3039177780368345
Name[T.BHLH112],0.055090686637300934,0.0401794649574507,1.3711154863719797,0.303917778036469
Name[T.BHLH13],0.16990585603991917,0.040695228548796814,4.175080521692821,0.05286048297563209
Name[T.BHLH3],14.613599276653401,0.2597427125308409,56.26182592098031,0.0003157669069526363
Name[T.BHLH34],0.055090686637313736,0.04017946495745071,1.371115486372298,0.30391777803638553
Name[T.BHLH78],0.055090686637265705,0.04017946495745071,1.3711154863711028,0.3039177780366984
Name[T.BIM1],0.17145045473283965,0.0407056873647486,4.2119533124827395,0.05200964990534395
Name[T.BIM2],0.09782458376679755,0.040310554949137496,2.4267734316788574,0.13600358101463975
Name[T.BIM3],-0.08546779429667678,0.04026516767947526,-2.122623578201143,0.16779252266830763
Name[T.BPC1],0.1760842508066174,0.040737615086934034,4.322399591405971,0.04957752808241835
Name[T.BPC5],0.177628849497936,0.04074844117913399,4.35915692374741,0.04880490770533001
Name[T.BPC6],0.8985713525599565,0.04032493497978514,22.283268479178194,0.002007856535224567
Name[T.BZIP60],0.055090686637276454,0.04017946495745069,1.3711154863713708,0.30391777803662823
Name[T.BZR1],0.11533003560533928,0.040385217960385626,2.8557487474369454,0.10386467590524208
Name[T.BZR2],0.16784639110749103,0.0406814265805236,4.125872792962678,0.0540279328251429
Name[T.CAMTA1],0.16733152488633904,0.04067800166289836,4.113563057325871,0.05432585851353441
Name[T.CBF1],0.17505451834526992,0.04073044863808754,4.2978784717233465,0.050102932030010816
Name[T.CBF2],4.311238763883295,0.07883169864112098,54.68915218369306,0.0003341795558362557
Name[T.CBF4],-0.12034891762938153,0.060301026480341274,-1.9958021389340106,0.1840758765945169
Name[T.CCA1],0.6076719323170473,0.043104796973846005,14.097547720402314,0.004994017164954375
Name[T.CDC5],0.17865858195982487,0.04075570948831585,4.383645486800912,0.04829990621050295
Name[T.CDF2],0.058179884019279024,0.040186495337806556,1.4477471481456778,0.2846571529213097
Name[T.CDF3],0.11391521725692819,0.05364004001045977,2.123697469925727,0.16766315130446535
Name[T.CEJ1],6.768184671026183,0.13592016921752348,49.795293148837516,0.0004030517272737014
Name[T.CMTA2],9.520789319702638,0.07171141216160859,132.7653302691435,5.672750513392805e-05
Name[T.CMTA3],0.05509068663726735,0.04017946495745069,1.371115486371144,0.3039177780366875
Name[T.COG1],1.4810148396114104,0.04521501470704025,32.75493437760195,0.0009307646149853359
Name[T.CRF2],0.12665709267735184,0.04043997636802171,3.1319774157313085,0.08860453085324776
Name[T.CRF4],10.372382320104487,0.19023078232052876,54.52525713019239,0.00033619055171767035
Name[T.DAG2],0.17711398326778727,0.04074482229614566,4.346907736655947,0.04906041134689454
Name[T.DEAR3],0.17865858195982295,0.04075570948831585,4.383645486800865,0.04829990621050392
Name[T.DEAR5],0.17865858195982842,0.040755709488315854,4.383645486800998,0.04829990621050118
Name[T.DOF1.8],13.523882772218958,0.22367494561202247,60.46221553877982,0.000273434764836012
Name[T.DOF2.4],0.042219030872126806,0.04015428930246166,1.0514201995735126,0.40336100044145895
Name[T.DOF2.5],9.13296952291705,0.19964508370477949,45.74602766788996,0.00047750955586724696
Name[T.DOF5.3],0.11841923298894108,0.04039965087719124,2.9311944637570617,0.09934663572329447
Name[T.DOF5.6],-0.48294452425118933,0.04456558010112836,-10.836715760353394,0.00840814497420507
Name[T.DOF5.7],0.08289346308267112,0.04025647643110046,2.059133596169165,0.1756889056055835
Name[T.DRE1C],22.231447263502602,0.5547166158559171,40.07712519878263,0.0006220159528567386
Name[T.DREB19],0.15857879896900154,0.040621346094741814,3.903829247783805,0.059792612996212496
Name[T.DREB1A],0.019564916729465837,0.04012613781953744,0.4875853444320193,0.6740538298570724
Name[T.DREB1E],-0.1971937663171951,0.040893478176481805,-4.822132406203661,0.040416045131512694
Name[T.DREB1G],0.17814371572768004,0.04075207024409921,4.371402843110156,0.04855141281864953
Name[T.DREB2],0.17453965211609068,0.04072688070553736,4.285613066663357,0.05036879569241575
Name[T.DREB26],0.17865858195982617,0.04075570948831583,4.383645486800946,0.04829990621050226
Name[T.DREB2C],22.228358066168767,0.5548404245789406,40.062614549106634,0.0006224662012018581
Name[T.DYT1],0.17814371572767537,0.04075207024409921,4.371402843110041,0.048551412818651885
Name[T.Dof2],0.1765991170153719,0.04074121359785971,4.334655289322292,0.04931794448651678
Name[T.Dof3],0.17865858193726736,0.040755709488097557,4.38364548627091,0.04829990622134974
Name[T.E2FA],0.033466304954064975,0.04014096779439559,0.833719434107353,0.4921523557086308
Name[T.EDT1],0.862015850192087,0.04049977633688853,21.284459524457535,0.002200086096923468
Name[T.EPR1],0.17762884949792998,0.040748441179134,4.3591569237472605,0.04880490770533311
Name[T.ERF008],-0.029347375167978453,0.04013576379593906,-0.7312026081573616,0.540719389155089
Name[T.ERF018],1.3271996170290306,0.07828028681684769,16.954455214686146,0.003460774210248418
Name[T.ERF039],-0.25743311528629753,0.04143062939232945,-6.213594122563806,0.0249361390606262
Name[T.ERF043],0.04067443218324458,0.04015171490177875,1.0130185543193992,0.4176714090230498
Name[T.ERF069],0.1657869261969489,0.04066778833010043,4.076615252623439,0.05523460848992138
Name[T.ERF094],0.005148662274636445,0.040118968833435305,0.1283348606493976,0.9096249025931732
Name[T.ERF096],0.16578692619694213,0.04066778833010041,4.076615252623275,0.05523460848992548
Name[T.ERF098],0.09782458376680209,0.040310554949137496,2.4267734316789698,0.13600358101462962
Name[T.ERF10],0.1771139832677843,0.04074482229614566,4.346907736655874,0.04906041134689606
Name[T.ERF104],0.1765991170360582,0.04074121359783836,4.334655289832313,0.04931794447575559
Name[T.ERF105],0.14622200943768157,0.040546421159216195,3.6062864553076674,0.06902536077354066
Name[T.ERF109],0.7842710493842515,0.04104430191607161,19.107915417539516,0.0027276812688178395
Name[T.ERF11],0.862015850192084,0.04049977633688853,21.28445952445746,0.0022000860969234827
Name[T.ERF112],0.14158821336283933,0.04051985730365221,3.494292003591964,0.07304001963080803
Name[T.ERF13],0.1503409392782312,0.035264889474169926,4.263190428779019,0.050860183524008507
Name[T.ERF15],0.17608425080662415,0.04073761508693404,4.322399591406136,0.04957752808241483
Name[T.ERF1B],0.32398063930463356,0.04845001650823101,6.686904621582401,0.021640700970141927
Name[T.ERF2],0.17814371572767754,0.04075207024409921,4.371402843110094,0.04855141281865079
Name[T.ERF3],0.040674432183245575,0.04015171490177876,1.0130185543194234,0.41767140902304045
Name[T.ERF38],0.17556938457475643,0.040734026766116864,4.310140649310849,0.0498391834262374
Name[T.ERF4],22.231447263502627,0.5547166158559171,40.077125198782674,0.0006220159528567373
Name[T.ERF5],0.1776288494979391,0.04074844117913399,4.359156923747486,0.048804907705328436
Name[T.ERF6],0.16321259504140165,0.040650970996178405,4.014974084056817,0.05680074905721438
Name[T.ERF7],0.05509068663726745,0.04017946495745071,1.371115486371146,0.30391777803668707
Name[T.ERF8],22.230417531102507,0.5547578854141334,40.072287597151025,0.0006221660036476604
Name[T.ERF9],0.17659911703605538,0.04074121359783836,4.334655289832243,0.049317944475757054
Name[T.ESE1],0.1781437157276708,0.0407520702440992,4.371402843109929,0.0485514128186542
Name[T.ESE3],0.17556938457476787,0.040734026766116864,4.31014064931113,0.04983918342623138
Name[T.EmBP-1],0.12614222644837841,0.04043737781497595,3.1194462466273403,0.08922519270541393
Name[T.F3A4.140],0.17865858195982726,0.04075570948831585,4.383645486800971,0.04829990621050176
Name[T.FAR1],0.17865858195982423,0.04075570948831585,4.383645486800896,0.04829990621050328
Name[T.FHY3],0.17453965207014124,0.04072688070554262,4.28561306553457,0.050368795716977985
Name[T.FLC],0.094220520154056,0.040296690270056064,2.3381701951852363,0.14433870932018372
Name[T.FUS3],0.13901388220967337,0.04050546193520581,3.4319786904799567,0.0754211315687654
Name[T.FaEOBII],0.04067443218324691,0.04015171490177876,1.0130185543194568,0.417671409023028
Name[T.GATA10],1.0643582787840475,0.04020170231660286,26.475452964698942,0.0014235903803267963
Name[T.GATA11],0.9176214030878284,0.0402547698557523,22.79534590251055,0.001918916878727191
Name[T.GATA12],0.15857879896877666,0.04062134609474187,3.9038292477782637,0.05979261299636732
Name[T.GATA14],0.1611531301206935,0.04063770171070651,3.9656064033324916,0.05810212655057556
Name[T.GATA15],0.14004361467102805,0.040511188999055994,3.4569119823733487,0.07445513584630678
Name[T.GATA19],0.17711398326778274,0.04074482229614566,4.346907736655836,0.049060411346896864
Name[T.GATA20],0.1539450028944436,0.04059255369492592,3.792444398827925,0.0630264075120155
Name[T.GATA6],2.5009690973884005,0.1462137012746145,17.104888772982704,0.0034004772486358422
Name[T.GATA8],0.17505451834504873,0.04073044863808754,4.297878471717916,0.05010293203012806
Name[T.GATA9],-0.22448167653368872,0.041120021598078295,-5.45918187319677,0.03195444737121014
Name[T.GBF3],0.17659911703606151,0.04074121359783836,4.334655289832394,0.04931794447575389
Name[T.GBF6],1.0535460879425893,0.04017609313407109,26.223209022012547,0.0014510495787529668
Name[T.GT-1],-0.2723642359725406,0.04158449203747992,-6.549658842220795,0.022526411274049474
Name[T.GT2],0.17814371572768145,0.0407520702440992,4.37140284311019,0.04855141281864882
Name[T.GT3a],0.17608425080661758,0.04073761508693404,4.322399591405975,0.049577528082418276
Name[T.Gam1],0.13232062120942362,0.04046924750985221,3.2696585518969745,0.08217437872488224
Name[T.Glyma19g26560.1],-0.2244816765336362,0.041120021598078295,-5.459181873195494,0.03195444737122438
Name[T.HAT1],0.08083399816052031,0.04024971350149756,2.0083123860623937,0.18237693281676182
Name[T.HAT2],6.664307217674133,0.04232549236156924,157.45374349679628,4.033367023967919e-05
Name[T.HAT22],7.305968831490962,0.3516496406299343,20.77627270826518,0.0023086534366061977
Name[T.HAT5],0.9011456837124984,0.040314610966348086,22.352830949174084,0.0019954163208283186
Name[T.HBI1],1.440855273631126,0.04598161594464763,31.335464055148,0.001016868782124197
Name[T.HDG1],0.17865858195983297,0.04075570948831586,4.383645486801109,0.048299906210498914
Name[T.HMG-1],18.99318972398766,0.4441042129945678,42.76741622403834,0.0005462833803440967
Name[T.HMG-I/Y],22.0114696027398,0.5234598400142607,42.0499681544627,0.0005650676275910423
Name[T.HY5],1.8954821551751173,0.04033767048051921,46.99037233918917,0.00045257162933467614
Name[T.IDD2],0.12614222644537623,0.040437377814976035,3.119446246553091,0.08922519270910982
Name[T.IDD4],0.17865858195961903,0.04075570948831586,4.38364548679586,0.04829990621060635
Name[T.IDD5],0.1724801871931658,0.04071271098355369,4.236519333307008,0.051453846641985115
Name[T.IDD7],0.13386521990449318,0.04047744894202467,3.3071555496549845,0.08053930302932781
Name[T.JKD],2.829709058011465,0.06181369285700517,45.77802954690778,0.00047684264480248517
Name[T.KAN1],-0.08546779429664733,0.04026516767947528,-2.1226235782004106,0.1677925226683959
Name[T.KAN2],0.09010159030789983,0.04028147664672874,2.2367995865220345,0.15476676661170422
Name[T.KAN4],13.52748683582196,0.2235324729769022,60.516875493162765,0.00027294124740936753
Name[T.LCL1],0.1786585819598262,0.04075570948831586,4.383645486800943,0.048299906210502314
Name[T.LEC2],1.6143651933155554,0.04300715840730133,37.537127610865,0.000708950471068596
Name[T.LEP],0.17762884949793323,0.04074844117913398,4.359156923747342,0.04880490770533143
Name[T.LFY],0.16424232750304923,0.04065766718132697,4.039639725775549,0.05616639067427058
Name[T.LHY1],0.17093558850071372,0.04070219087516674,4.1996655419599325,0.052290953045868706
Name[T.MGP],7.395676825686621,0.07593058866437985,97.40049373746054,0.00010539233390638798
Name[T.MNB1A],0.13849901597642697,0.040502613951651466,3.4195080875954122,0.07591107102796894
Name[T.MYB1],0.1374692835175081,0.040496949092211916,3.39455901244534,0.07690511812870786
Name[T.MYB101],0.14879634058718638,0.040561540684906125,3.6684094853072704,0.06693478496698611
Name[T.MYB105],0.5675123663363475,0.04372080495757527,12.980373231623624,0.005882746939643657
Name[T.MYB111],14.427477261930767,0.3467993743291727,41.60179726344198,0.0005772974128245218
Name[T.MYB113],0.1781437157276775,0.040752070244099214,4.371402843110093,0.04855141281865083
Name[T.MYB118],0.9999999999695192,0.040118435375530996,24.926196413418413,0.0016056135695024026
Name[T.MYB119],0.11996383168092022,0.040407008408555434,2.9688867452884757,0.09719354625323148
Name[T.MYB15],0.17865858195982498,0.040755709488315854,4.383645486800914,0.0482999062105029
Name[T.MYB24],0.1410733471310616,0.04051695751055132,3.4818346637780895,0.07350728056256495
Name[T.MYB27],0.17865858195983259,0.04075570948831585,4.383645486801101,0.04829990621049908
Name[T.MYB3],0.16269772881332126,0.04064763828542692,4.002636701076235,0.057121966128944206
Name[T.MYB33],0.17608425080662135,0.040737615086934055,4.322399591406066,0.04957752808241634
Name[T.MYB3R1],0.17659911703606032,0.040741213597838354,4.334655289832366,0.04931794447575448
Name[T.MYB3R4],1.1704207222713618,0.04069870460231097,28.758181217514785,0.001206952988193945
Name[T.MYB3R5],1.0669326099367746,0.04020848928953072,26.535008621042053,0.0014172208501698686
Name[T.MYB4],5.804095526829008,0.09693039472313898,59.87900434540858,0.000278784881059993
Name[T.MYB46],-0.172995053481671,0.04071623810784712,-4.248797568759923,0.05117929914916378
Name[T.MYB52],0.1632125950413957,0.04065097099617841,4.0149740840566706,0.05680074905721818
Name[T.MYB55],-0.06693260999598503,0.04020848928967699,-1.6646387660520514,0.23789592365898607
Name[T.MYB56],0.15857879896900356,0.04062134609474183,3.9038292477838534,0.05979261299621113
Name[T.MYB57],0.17865858195983217,0.04075570948831585,4.3836454868010915,0.04829990621049929
Name[T.MYB59],5.765350779195513,0.06380321515156331,90.36144597885911,0.00012244861641259538
Name[T.MYB62],0.17453965211609745,0.04072688070553737,4.285613066663522,0.05036879569241214
Name[T.MYB65],0.10348811230449037,0.04033338331073769,2.565817786898611,0.1242188236711762
Name[T.MYB70],0.13695441728691418,0.04049413222068041,3.382080557759709,0.07740934228628206
Name[T.MYB73],1.0674474761673798,0.040209878481554044,26.5468963468035,0.0014159545625923567
Name[T.MYB77],0.17865858195982834,0.04075570948831584,4.383645486800998,0.04829990621050118
Name[T.MYB81],1.9217403329323806,0.040241497565599624,47.755189274446316,0.0004382009585380327
Name[T.MYB98],0.1493112068187789,0.040564595569438915,3.6808257230911217,0.06652796149614376
Name[T.MYC2],0.16063826389242408,0.040634410046670136,3.953256949170052,0.05843445143933073
Name[T.MYC3],2.827779373434364,0.09606485120258527,29.436150038592505,0.0011520914641688542
Name[T.MYC4],-0.040159566009816176,0.040150878052835196,-1.0002163827393649,0.4225664540655274
Name[T.NAC025],23.07763204097179,0.6009685014083047,38.400734792076214,0.0006774534126909446
Name[T.NAC043],8.06307324077457,0.08756303103377988,92.08307599201328,0.00011791350374148712
Name[T.NAC055],20.957923514803024,0.5256051884815623,39.87389008725169,0.0006283668865667009
Name[T.NAC058],2.8797808627108408,0.09417025113661662,30.58057961991654,0.0010676100549166432
Name[T.NAC080],-0.4602904101101249,0.04417678195012951,-10.419283383514436,0.009086020452239746
Name[T.NAC083],0.9383458326482117,0.05856122831547457,16.023329080347477,0.003872275248844717
Name[T.NAC92],0.14210307959181404,0.04052276745200952,3.5067466643314646,0.07257713222098221
Name[T.NTL9],5.7653507791955265,0.06380321515156331,90.36144597885931,0.00012244861641259479
Name[T.NUC],0.016990585578220696,0.0401242443502238,0.42344935969182756,0.7131584646719357
Name[T.O2],0.1776288494982784,0.04074844117913381,4.359156923755832,0.048804907705155005
Name[T.OBP1],0.17505451834527397,0.04073044863808756,4.297878471723443,0.050102932030008714
Name[T.OBP3],0.17762884949793367,0.04074844117913399,4.359156923747353,0.048804907705331205
Name[T.OBP4],0.17402478588477482,0.0407233229711375,4.273344442154541,0.050636796488645025
Name[T.OJ1058_F05.8],0.07259613847372921,0.04022435302973871,1.8047807610493416,0.2128711772624837
Name[T.OJ1581_H09.2],-0.2558885165955567,0.041415176032479045,-6.178617142539275,0.025208647447620244
Name[T.Os05g0497200],19.638061805312816,0.4983591760060623,39.40543838822369,0.0006433812355572611
Name[T.OsI_08196],0.15960853142957054,0.040627857524904214,3.9285490585304212,0.05910769568520402
Name[T.OsRR22],-0.05251635554260084,0.04017389836724441,-1.3072257778553,0.32121599637960585
Name[T.P0510F09.23],0.8620158501920782,0.04049977633688852,21.284459524457322,0.0022000860969235117
Name[T.PBF],0.17814371572593288,0.04075207024409935,4.3714028430672665,0.04855141281953397
Name[T.PEND],1.1724801871708264,0.040712710983601616,28.79887285430541,0.0012035507974866562
Name[T.PHYPADRAFT_140773],22.786087974168733,0.5725671591230729,39.79635857751122,0.000630815329498414
Name[T.PHYPADRAFT_143875],7.393751396239447,0.2684743518138091,27.539879866688803,0.0013158853015011614
Name[T.PHYPADRAFT_153324],-0.2177884155363132,0.04106185984801884,-5.303910157562458,0.03375769154790141
Name[T.PHYPADRAFT_173530],0.1554896015852561,0.04060205855097196,3.8295989694722974,0.06192006565612678
Name[T.PHYPADRAFT_182268],0.13540981859524476,0.04048574386478192,3.3446296317908635,0.07895153436234145
Name[T.PHYPADRAFT_28324],0.16784639111842162,0.04068142658051999,4.125872793231731,0.05402793281865721
Name[T.PHYPADRAFT_38837],1.5350757938138162,0.04425506341211171,34.68700924725592,0.000830090169029614
Name[T.PHYPADRAFT_48267],8.912991862136296,0.16905804795258572,52.7214880928712,0.0003595757444703497
Name[T.PHYPADRAFT_64121],0.02883250887861738,0.04013516124016815,0.7183852758453895,0.5471071925338851
Name[T.PHYPADRAFT_72483],0.16527205996482208,0.04066440436776164,4.06429314616614,0.0555426064492684
Name[T.PI],-0.013901388241459877,0.04012232412132386,-0.3464751493314339,0.7620424175813209
Name[T.PIF1],1.2329790968448444,0.08155443596119048,15.118479851072545,0.004346553416074282
Name[T.PIF3],0.17505451834329427,0.04073044863808777,4.297878471674816,0.05010293203105869
Name[T.PIF4],0.17814371575861837,0.04075207024411484,4.371402843867663,0.048551412803028486
Name[T.PIF5],0.15754906652002088,0.04061487577594758,3.879097584568326,0.06048946599584294
Name[T.PIF7],0.1750545183452652,0.04073044863808755,4.297878471723229,0.05010293203001334
Name[T.PLT1],0.09010159030795645,0.04028147664672874,2.23679958652344,0.1547667666115526
Name[T.PLT3],0.17814371572768434,0.04075207024409921,4.3714028431102605,0.04855141281864737
Name[T.POPTR_0002s00440g],19.184719961781074,0.43643994343683606,43.95729641679231,0.0005171315925521208
Name[T.PTF1],0.17711398326778835,0.04074482229614565,4.346907736655974,0.04906041134689398
Name[T.PUCHI],0.17865858195983006,0.04075570948831585,4.383645486801039,0.04829990621050035
Name[T.RAMOSA1],-0.016475719403748056,0.04012389764901465,-0.4106211103385331,0.7211628883740292
Name[T.RAP2-10],-0.029347375167970813,0.04013576379593907,-0.7312026081571712,0.5407193891551834
Name[T.RAP2-3],-0.12356789535451888,0.040424541371336546,-3.0567544160720157,0.09242552805046096
Name[T.RAP2-6],5.784915695955401,0.06319383059313875,91.54241231553853,0.0001193101977444149
Name[T.RAP21],0.165272059964994,0.04066440436776185,4.064293146170347,0.055542606449162805
Name[T.RAP210],0.1786585819598284,0.04075570948831585,4.383645486800998,0.04829990621050118
Name[T.RAP211],0.1786585819598312,0.04075570948831585,4.3836454868010675,0.048299906210499774
Name[T.RAP212],0.1776288494979329,0.040748441179133996,4.359156923747333,0.048804907705331614
Name[T.RAP26],0.17711398326778524,0.04074482229614567,4.346907736655895,0.04906041134689561
Name[T.RAV1],0.17865858195982642,0.04075570948831585,4.38364548680095,0.048299906210502175
Name[T.RAV1(var.2)],0.1786585819598241,0.04075570948831585,4.3836454868008925,0.048299906210503354
Name[T.RAX3],0.17865858195982814,0.04075570948831584,4.383645486800993,0.04829990621050129
Name[T.REF6],0.16166799634959184,0.04064100364017763,3.977952852270782,0.05777262457564978
Name[T.RVE1],0.1436476782853085,0.04053156000633242,3.5440944849609983,0.07121419213252896
Name[T.SEP1],1.116874634297289,0.040392387377555385,27.650621981257206,0.0013053866254231369
Name[T.SEP3],0.17402478589389486,0.0407233229711294,4.273344442379344,0.05063679648371528
Name[T.SGR5],1.6735748098240188,0.042208283557512834,39.650387762004414,0.0006354640713834457
Name[T.SIZF2],0.13232062121252675,0.04046924750985422,3.2696585519734906,0.08217437872149726
Name[T.SMZ],0.9378309664150497,0.05857630149669395,16.010416199936778,0.0038784876732843136
Name[T.SOC1],0.17865858197158124,0.04075570948831982,4.383645487088944,0.0482999062046082
Name[T.SOL1],0.17350991965391704,0.04071977543756363,4.261072606354692,0.05090695677161086
Name[T.SPL1],-0.04376362962243251,0.040156959469259956,-1.0898143236151494,0.3896005785866954
Name[T.SPL11],-0.013901388252083972,0.040122324121097036,-0.34647514959818526,0.7620424174084909
Name[T.SPL12],0.082893463082671,0.04025647643110046,2.0591335961691617,0.17568890560558392
Name[T.SPL13],0.17865858195982268,0.04075570948831585,4.383645486800858,0.048299906210504055
Name[T.SPL14],3.8012616349916133,0.04090555010010792,92.92777204288433,0.00011577999353670437
Name[T.SPL15],0.17865858195982973,0.04075570948831585,4.383645486801031,0.048299906210500516
Name[T.SPL3],0.1781437157248316,0.03547335640925416,5.021901893623974,0.03743921705122781
Name[T.SPL4],0.08289346308277769,0.040256476431100474,2.0591335961718116,0.17568890560524392
Name[T.SPL5],0.15034093928022416,0.040570736299303266,3.705649761224718,0.06572525961375152
Name[T.SPL7],0.0828934630827099,0.040256476431100474,2.0591335961701276,0.17568890560545994
Name[T.SPL8],0.1745396521160688,0.040726880705537344,4.285613066662822,0.050368795692427394
Name[T.SPL9],0.17196532096417083,0.04070919406842664,4.224237912328119,0.05173062237704365
Name[T.SPT],0.14931120681878343,0.04056459556943891,3.680825723091234,0.06652796149614014
Name[T.STZ],0.17865858195982887,0.04075570948831584,4.383645486801011,0.048299906210500926
Name[T.SVP],0.0916461889543692,0.04028710274465655,2.274826996997808,0.15073675669252953
Name[T.StBRC1],0.14673687566681248,0.04054942440370579,3.6187166112622373,0.06859956981075001
Name[T.T11I18.17],20.831136641761702,0.49062639568661404,42.458246896009896,0.0005542614809753385
Name[T.TBP3],0.17814371572767482,0.0407520702440992,4.371402843110028,0.04855141281865217
Name[T.TCP1],5.139273442895861,0.0848529508991351,60.56682046337937,0.0002724914680555392
Name[T.TCP14],5.961514813023517,0.05788652610926832,102.98622518425766,9.427147544491928e-05
Name[T.TCP15],0.15909366519923065,0.04062459667213411,3.9161906389672243,0.05944867895824991
Name[T.TCP16],0.17659911703606365,0.040741213597838374,4.334655289832445,0.049317944475752815
Name[T.TCP17],0.17505451834526556,0.04073044863808756,4.297878471723237,0.05010293203001317
Name[T.TCP19],0.1771139832677851,0.04074482229614567,4.346907736655892,0.049060411346895705
Name[T.TCP2],0.8975416200987018,0.04032913813963378,22.255412872724786,0.0020128707042548475
Name[T.TCP20],-0.014931120715438773,0.040122921535574146,-0.37213443448280326,0.7455239870465635
Name[T.TCP23],0.1760842508066188,0.04073761508693404,4.322399591406005,0.04957752808241764
Name[T.TCP24],0.17350991965391166,0.04071977543756365,4.261072606354558,0.05090695677161383
Name[T.TCP3],0.17402478588477333,0.04072332297113751,4.273344442154504,0.05063679648864585
Name[T.TCP4],2.3785564597377857,0.047255348730266815,50.33412139892499,0.00039447363294271707
Name[T.TCP5],0.13386521990468814,0.04047744894202469,3.3071555496597997,0.08053930302912085
Name[T.TCP7],0.1786585819598261,0.04075570948831585,4.383645486800942,0.04829990621050234
Name[T.TCX2],1.2364533801158966,0.050506005982883274,24.48131377751265,0.0016643523629628868
Name[T.TGA1],0.17814371572768267,0.04075207024409921,4.37140284311022,0.048551412818648214
Name[T.TGA10],0.17402478588476747,0.040723322971137496,4.273344442154362,0.050636796488648966
Name[T.TGA1A],8.04428275092939,0.1639378451294358,49.069101430350585,0.00041506234496711683
Name[T.TGA2],0.13335035367346007,0.040474704740638474,3.294659084679379,0.08107898424834173
Name[T.TGA3],0.07568533585544503,0.04023354592008482,1.8811500235593817,0.20068398444007815
Name[T.TGA4],1.0864975266988701,0.0402687180592862,26.98117990990571,0.0013708324995159397
Name[T.TGA5],0.08083399816050651,0.040249713501497565,2.008312386062051,0.1823769328168081
Name[T.TGA6],-0.013901388252090734,0.04012232412109702,-0.3464751495983539,0.7620424174083816
Name[T.TGA7],0.14828147435853795,0.040558496123745943,3.65599044664092,0.06734531375069497
Name[T.TGA9],0.17814371572767287,0.04075207024409922,4.371402843109978,0.04855141281865319
Name[T.TINY],4.311238763883307,0.07883169864112098,54.68915218369322,0.0003341795558362538
Name[T.TRB2],-0.057150151616612035,0.04018410940733361,-1.4222077447903356,0.29090312223471154
Name[T.TRP1],0.17762884949793184,0.04074844117913399,4.359156923747308,0.048804907705332135
Name[T.TRP2],0.16218286258313508,0.04064431583259234,3.9902962877057946,0.05744591460105067
Name[T.TSAR1],0.1590936651992298,0.04062459667213411,3.916190638967203,0.059448678958250505
Name[T.TSAR2],0.14879634058718422,0.04056154068490613,3.6684094853072162,0.06693478496698788
Name[T.TSO1],-0.06693260999598993,0.040208489289677005,-1.6646387660521729,0.2378959236589627
Name[T.UIF1],0.15909366519922405,0.040624596672134104,3.916190638967062,0.05944867895825441
Name[T.UNE10],-0.013901388252088465,0.04012232412109703,-0.3464751495982973,0.7620424174084183
Name[T.WRKY11],0.08134886439153188,0.040251388389442484,2.0210200851821756,0.18067276724368583
Name[T.WRKY12],-0.06693260999598458,0.040208489289677,-1.6646387660520399,0.23789592365898823
Name[T.WRKY14],0.17608425080661244,0.04073761508693404,4.322399591405849,0.04957752808242096
Name[T.WRKY15],-0.3217913941014552,0.04215079075709268,-7.6342908002813115,0.016728512361700087
Name[T.WRKY17],1.136439551057417,0.04049132572415626,28.066247047560648,0.0012670836029846386
Name[T.WRKY18],0.15394500289444385,0.04059255369492592,3.7924443988279313,0.06302640751201531
Name[T.WRKY2],0.13489495236391333,0.04048296850622062,3.3321408320930157,0.07947564263846633
Name[T.WRKY20],0.1771139832677852,0.04074482229614566,4.346907736655896,0.0490604113468956
Name[T.WRKY21],22.892280197984835,0.6084001134491002,37.62701500531532,0.0007055708649423494
Name[T.WRKY22],0.16578692619694577,0.04066778833010042,4.0766152526233626,0.05523460848992329
Name[T.WRKY23],14.418724535994174,0.34714872762678195,41.53471808629436,0.0005791619851726932
Name[T.WRKY24],0.1786585819598253,0.04075570948831586,4.383645486800922,0.04829990621050275
Name[T.WRKY25],-0.08546779429666913,0.04026516767947527,-2.1226235782009524,0.16779252266833058
Name[T.WRKY26],0.17762884949793353,0.04074844117913401,4.3591569237473475,0.048804907705331316
Name[T.WRKY27],0.17865858195982728,0.04075570948831585,4.3836454868009715,0.048299906210501724
Name[T.WRKY28],0.17762884949822833,0.04074844117913382,4.359156923754601,0.04880490770518057
Name[T.WRKY29],0.16784639111842384,0.04068142658051999,4.125872793231785,0.05402793281865591
Name[T.WRKY3],0.05817988401907108,0.040186495337806584,1.4477471481405024,0.28465715292255833
Name[T.WRKY30],0.9974256688187364,0.04011856874068144,24.86194548130319,0.0016139029884328937
Name[T.WRKY31],0.17505451834527014,0.040730448638087544,4.297878471723351,0.05010293203001071
Name[T.WRKY33],0.17608425080662937,0.04073761508693405,4.322399591406263,0.04957752808241215
Name[T.WRKY38],0.9649890962950894,0.04014309505451263,24.038731816385233,0.0017260419473785298
Name[T.WRKY40],0.7750034572356254,0.041124565029225825,18.845268191526326,0.0028039209821019376
Name[T.WRKY42],0.1539450028948956,0.04059255369492595,3.7924443988390575,0.06302640751167972
Name[T.WRKY43],1.0118419232711744,0.0401212572873807,25.219596585011008,0.001568559395277407
Name[T.WRKY45],0.016990585578229724,0.040124244350223805,0.42344935969205244,0.7131584646717958
Name[T.WRKY46],0.177113983267784,0.04074482229614567,4.346907736655865,0.04906041134689625
Name[T.WRKY47],0.13232062121253033,0.04046924750985422,3.269658551973579,0.08217437872149336
Name[T.WRKY48],0.9649890962950882,0.04014309505451263,24.038731816385205,0.0017260419473785341
Name[T.WRKY50],0.05817988401927174,0.04018649533780657,1.4477471481454962,0.2846571529213535
Name[T.WRKY55],0.17196532096417827,0.04070919406842663,4.224237912328304,0.05173062237703948
Name[T.WRKY57],1.6730599435937994,0.04221471751023105,39.63214827123552,0.0006360485539434492
Name[T.WRKY59],0.13746928351750903,0.040496949092211916,3.3945590124453635,0.0769051181287069
Name[T.WRKY6],0.1683612573496996,0.04068486173051428,4.138179415844641,0.05373245831344661
Name[T.WRKY60],2.4027551725730194,0.04674879426194201,51.39715816219653,0.0003783339106907415
Name[T.WRKY62],0.16166799634958182,0.04064100364017763,3.9779528522705356,0.057772624575656316
Name[T.WRKY63],0.9974256688187237,0.04011856874068143,24.86194548130288,0.001613902988432934
Name[T.WRKY65],0.17762884949793523,0.04074844117913399,4.359156923747391,0.048804907705330414
Name[T.WRKY7],0.12717195890792304,0.04044258533780931,3.144506164620278,0.08799014454636356
Name[T.WRKY70],0.17762884949883118,0.04074844117913427,4.359156923769348,0.04880490770487416
Name[T.WRKY71],0.17659911703605738,0.04074121359783836,4.334655289832293,0.04931794447575602
Name[T.WRKY75],0.5973746077078145,0.043257845235097035,13.809624692612696,0.005202793711300948
Name[T.WRKY8],0.015445986887119779,0.04012323624137597,0.384963635390695,0.7373468256109595
Name[T.ZAP1],0.168876123578208,0.040688307110289354,4.150482916884546,0.05343940893610746
Name[T.abi4],0.1688761236288737,0.04068830711028529,4.150482918130177,0.05343940890655671
Name[T.bHLH130],0.1729950534238001,0.04071623810748198,4.2487975673767036,0.05117929917997264
Name[T.bHLH18],0.14416254451551763,0.04053451155337543,3.556538342041839,0.0707682835025527
Name[T.bHLH31],0.17814371572767823,0.04075207024409921,4.371402843110111,0.048551412818650434
Name[T.bHLH69],0.1632125950413992,0.0406509709961784,4.0149740840567585,0.05680074905721588
Name[T.bHLH74],0.1750545183452711,0.04073044863808756,4.297878471723373,0.05010293203001023
Name[T.bHLH77],0.1760842508066187,0.04073761508693405,4.322399591406001,0.049577528082417714
Name[T.bHLH80],0.17453965211609848,0.040726880705537365,4.285613066663548,0.05036879569241159
Name[T.bZIP14],1.7152789744955925,0.04171792340505815,41.11611591596194,0.0005910043790055466
Name[T.bZIP16],0.17814371572767462,0.0407520702440992,4.371402843110023,0.04855141281865225
Name[T.bZIP28],0.1776288494979369,0.04074844117913399,4.359156923747432,0.04880490770532956
Name[T.bZIP3],1.1143003031449228,0.04038049064175635,27.595016440752598,0.0013106424351360464
Name[T.bZIP42],0.1776288494979331,0.04074844117913398,4.3591569237473395,0.04880490770533147
Name[T.bZIP43],1.1503409392801391,0.04057073629930328,28.353957660361562,0.0012415472292079328
Name[T.bZIP44],0.10297324607270789,0.04033125547446371,2.553187220712899,0.12522906766920108
Name[T.bZIP48],0.17762884949793506,0.040748441179134,4.359156923747386,0.04880490770533052
Name[T.bZIP50],0.17762884949793095,0.040748441179133996,4.359156923747285,0.0488049077053326
Name[T.bZIP52],0.1699058560397573,0.04069522854879686,4.175080521688838,0.05286048297572507
Name[T.bZIP53],1.1143003031449248,0.04038049064175635,27.595016440752648,0.0013106424351360419
Name[T.bZIP68],0.1694558800047556,0.03719591839481123,4.555765452706081,0.044956951348609796
Name[T.bZIP910],3.686446465576486,0.042050423092381786,87.66728595043207,0.0001300888651164267
Name[T.bZIP911],22.878893675960263,0.608936856512256,37.571865508357156,0.0007076415160471444
Name[T.dof4.2],0.17865858195983245,0.040755709488315854,4.383645486801097,0.04829990621049916
Name[T.dof4.5],0.17865858195982925,0.040755709488315854,4.383645486801019,0.04829990621050077
Name[T.id1],1.0875272591341205,0.040272310640008684,27.004342235424463,0.0013684867336917065
Name[T.myb.Ph3],7.48191904688013,0.146949963641269,50.91473901378313,0.0003855331682028149
Name[T.squamosa],20.055877878889362,0.5617533058644861,35.70228723091399,0.0007836050284680298
Genome,0.0005148662305145786,2.0688953075598293e-05,24.886045641518738,0.0016107861730449648
